<?xml version="1.0" encoding="utf-8"?>
<Pages>
	<appData>
		<reseller>appypie.com</reseller>
		<appCategory>Business</appCategory>
		<appName>Sahana Jewellery</appName>
		<snappyappyAppName>Sahana Jewellery</snappyappyAppName>
		<servernameappy>snappy</servernameappy>
		<appPackage>com.appypie.appypie9548dcae91ee</appPackage>
		<appId>9548dcae91ee</appId>
		<headerBarFont>georgia</headerBarFont>
		<headerBarSize>mediumHeaderBar</headerBarSize>
		<headerBarBackgroundColor>#3682AD</headerBarBackgroundColor>
		<headerBarTextColor>#fff</headerBarTextColor>
		<navigationBarType>text</navigationBarType>
		<headerBarTitle>Sahana Jewellery</headerBarTitle>
		<nav_header_image_name> </nav_header_image_name>
		<nav_header_ipad_image_name> </nav_header_ipad_image_name>
		<navigationFont>georgia</navigationFont>
		<navigationSize>smallNav</navigationSize>
		<navBackgroundColor>rgba(54,130,173,0.53)</navBackgroundColor>
		<navBorderColor>#3682AD</navBorderColor>
		<navTextColor>#fff</navTextColor>
		<navIconColor>#fff</navIconColor>
		<appPageFont>arial</appPageFont>
		<appPageHsize>mediumHeading</appPageHsize>
		<pageIndentation>left</pageIndentation>
		<indentContent>left</indentContent>
		<appPageShsize>mediumSubHeading</appPageShsize>
		<appPageCsize>mediumContent</appPageCsize>
		<appBackground>http://snappy.appypie.com/media/user_space/9548dcae91ee/background/geometric_060.jpg</appBackground>
		<appIpadBackground>http://snappy.appypie.com/media/user_space/9548dcae91ee/background/geometric_060.jpg</appIpadBackground>
		<pageTextColor>#fff</pageTextColor>
		<pageIconColor>#fff</pageIconColor>
		<secondaryButtonBgColor>#47a2d6</secondaryButtonBgColor>
		<primaryButtonBgColor>#3682AD</primaryButtonBgColor>
		<buttonTextColor>#ffffff</buttonTextColor>
		<setOrientations>Off</setOrientations>
		<appShareMessage> </appShareMessage>
		<iad>False</iad>
		<winMobId> </winMobId>
		<winUnitMobId> </winUnitMobId>
		<ANDAdStatus> </ANDAdStatus>
		<appMobIdBannerWindow>NULL</appMobIdBannerWindow>
		<appMobIdInterstitialWindow>NULL</appMobIdInterstitialWindow>
		<appMobIdBannerBlackberry>NULL</appMobIdBannerBlackberry>
		<appMobIdInterstitialBlackberry>NULL</appMobIdInterstitialBlackberry>
		<appMobIdBannerIphone>NULL</appMobIdBannerIphone>
		<appMobIdInterstitialIphone>NULL</appMobIdInterstitialIphone>
		<appMobId>NULL</appMobId>
		<appMobIdBanner>NULL</appMobIdBanner>
		<appMobIdInterstitial>NULL</appMobIdInterstitial>
		<uaId> </uaId>
		<appIcon>http://snappy.appypie.com/media/user_space/9548dcae91ee/appicon/1351667928.png</appIcon>
		<appSplash>http://snappy.appypie.com/media/splash/1351667928.jpg</appSplash>
		<appTheme>transparent</appTheme>
		<backgroundType>library_image</backgroundType>
		<layout>matrix</layout>
		<showMatrixBackgrondText>YES</showMatrixBackgrondText>
		<hideLayout>border,none</hideLayout>
		<layoutOption> </layoutOption>
		<layoutAlign> </layoutAlign>
		<layoutHeader> </layoutHeader>
		<Logo>http://snappy.appypie.com/media/user_space/9548dcae91ee/appicon/1351667928.png</Logo>
		<bgImage>http://snappy.appypie.com/media/user_space/9548dcae91ee/background/geometric_060.jpg</bgImage>
		<version>2</version>
		<autoUpdate>On</autoUpdate>
		<appLock>none</appLock>
		<blockDeviceType>Window,Blackberry</blockDeviceType>
		<appBandwidthExceeded>false</appBandwidthExceeded>
		<plan>Free</plan>
		<owneremail>deepareddyoct@gmail.com</owneremail>
		<ownerName>deepa</ownerName>
		<resellerId>0</resellerId>
		<developerPlan>false</developerPlan>
		<lang>en</lang>
		<beacon>false</beacon>
		<fence>false</fence>
		<landscapeImage>http://snappy.appypie.com/media/splash/1351667928.jpg</landscapeImage>
		<customBackgroundImage>
		</customBackgroundImage>
		<customSplashImage>
		</customSplashImage>
		<customHeaderImage>
		</customHeaderImage>
		<piwikId>0</piwikId>
	</appData>
	<home>
		<pageid>callme,website,contact,ecommerce</pageid>
		<pageNewid>Call Us,Website,Contact,Sahana jewellery</pageNewid>
		<autoLogin>false</autoLogin>
		<pageIdentifierBecon>callme_757864587_3,website_757864544_21,contact_1462698565281_2,ecommerce_1462699070796_36</pageIdentifierBecon>
		<iconName>icon-phone-squared,iconz-globe,icon-vcard,icon-shop</iconName>
		<iconPath>http://snappy.appypie.com/media/user_space/9548dcae91ee/pageicon/</iconPath>
	</home>
<callMe indexval="0">
	<title>Call Us</title>
	<autoLogin>NO</autoLogin>
	<autoPublish>NO</autoPublish>
	<list>
		<callMerow indexval="0">
			<callMeFieldrow indexval="0">
				<image>mobile</image>
				<text>Mobile</text>
				<subtext>086950 08483</subtext>
				<imgurl>iconz-mobile</imgurl>
			</callMeFieldrow>
		</callMerow>
		<callMerow indexval="2">
			<callMeFieldrow indexval="0">
				<image>residence</image>
				<text>Residence</text>
				<subtext>999-999-99999</subtext>
				<imgurl>iconz-phone</imgurl>
			</callMeFieldrow>
		</callMerow>
	</list>
</callMe>
<website indexval="0">
	<autoLogin>NO</autoLogin>
	<autoPublish>NO</autoPublish>
	<websiteFieldrow indexval="0">
		<websitePage>http://sahana-jewellery.my-free.website/contact-us</websitePage>
		<websitePageName>Website</websitePageName>
		<websiteIconName>iconz-globe</websiteIconName>
		<inAppNavigation>false</inAppNavigation>
		<websiteAuthCheck>true</websiteAuthCheck>
		<nativeOsBrowser>true</nativeOsBrowser>
	</websiteFieldrow>
</website>
<loginfield indexval="0">
	<loginSetting>
		<enableFacebookNow>Off</enableFacebookNow>
		<faceBookAppName> </faceBookAppName>
		<faceBookAppKey> </faceBookAppKey>
	</loginSetting>
	<inp>
		<paymentMethod />
		<businessId />
		<inapMonthlySub />
		<inapYearlySub />
		<anppAddProductId />
		<publicKey />
		<iphoneMonthSubs />
		<iphoneYearlySubs />
		<iphoneEditionProductId />
		<subsPriceMonthly />
		<subsCurrencyMonthly />
		<subsPriceYearly />
		<subsCurrencyYearly />
		<editionPrice />
		<editionCurrency />
		<loginDescr />
	</inp>
	<signin>
		<signintext>Sign in</signintext>
		<emailid>Email/Phone</emailid>
		<loginpassword>Password</loginpassword>
		<loginbtntext>Login</loginbtntext>
		<forgotpwd>Forgot your password?</forgotpwd>
		<accounttext>Don’t have an account yet</accounttext>
		<loginsignuptext>Sign up Now</loginsignuptext>
	</signin>
	<signup>
		<loginPageId>systemlogin_757864754_60</loginPageId>
		<signuptext>Sign up Now</signuptext>
		<name>Full Name</name>
		<email>Email</email>
		<pass>Password</pass>
		<confirmpwd>Confirm  Password</confirmpwd>
		<phoneNo>Phone</phoneNo>
		<companyName>Company</companyName>
		<signupbtntext>Sign Up</signupbtntext>
		<alreadyaccounttext>Already have an account?</alreadyaccounttext>
		<emailVerification>0</emailVerification>
	</signup>
	<forgetpwdpage>
		<forgotpwdtext>Forgot Password </forgotpwdtext>
		<emailaddress>Email</emailaddress>
		<resetpwdbtn>Reset Password</resetpwdbtn>
		<forgotaccounttext>Don’t have an account yet</forgotaccounttext>
		<forgotalreadyaccounttext>Already have an account?</forgotalreadyaccounttext>
		<forgotsignin>Sign in</forgotsignin>
		<forgotsignuptext>Sign up Now</forgotsignuptext>
	</forgetpwdpage>
</loginfield>
<updateSettings indexval="0">
	<appUpdate>App update</appUpdate>
	<appUpdateIcon>icon-share-1</appUpdateIcon>
	<autoUpdatePage>Auto update</autoUpdatePage>
	<appUpdateAvailable>App Update Available</appUpdateAvailable>
	<updateButton>Notification</updateButton>
	<rateAndShare><![CDATA[Rate & Share]]></rateAndShare>
	<appUpdateAvailableDesc>Auto Update Description</appUpdateAvailableDesc>
	<rateAndShareDesc><![CDATA[Rate & Share Description]]></rateAndShareDesc>
	<rateNow>Rate Now</rateNow>
	<enableShare>On</enableShare>
	<shareNow>Share Now</shareNow>
	<date>Date</date>
	<applicationUpdated>Application Updated</applicationUpdated>
	<on>On</on>
	<off>Off</off>
	<lastNotification>Last 5 Notifications</lastNotification>
	<noUpdateAbailable>There is no app update available</noUpdateAbailable>
	<zopimChatCode> </zopimChatCode>
</updateSettings>
<LanguageSettings indexval="">
	<signup_entername_alert>Name field cannot be left blanks</signup_entername_alert>
	<Sign_up_password>Password field cannot be left blank</Sign_up_password>
	<Sign_up_email>Please Enter a valid Email</Sign_up_email>
	<Sign_up_password_should_be_seven_char>Password length should be minimum 7 characters.</Sign_up_password_should_be_seven_char>
	<Sign_up_password_do_not_match>Password does not match</Sign_up_password_do_not_match>
	<Sign_up_password_send_mail_id>Password has been sent on your E-mail Id</Sign_up_password_send_mail_id>
	<Sign_up_password_unable_to_reset>Unable to reset your Password</Sign_up_password_unable_to_reset>
	<Registered_successfully>Registered Successfully</Registered_successfully>
	<Unable_to_register>Unable to Register !</Unable_to_register>
	<User_already_registered>User Already Registered !</User_already_registered>
	<Email_and_password_must_not_be_blank>Email id and password must not be blank.</Email_and_password_must_not_be_blank>
	<Invalid_user_name_or_password>Invalid User name or password</Invalid_user_name_or_password>
	<No_listing_for_update>No Listing for update</No_listing_for_update>
</LanguageSettings>
<contactUs indexval="0">
	<title>Contact</title>
	<autoLogin>NO</autoLogin>
	<autoPublish>NO</autoPublish>
	<contactBackground>none</contactBackground>
	<contactIpadBackground>none</contactIpadBackground>
	<contactHeading>arial,mediumHeading,#3682AD,left</contactHeading>
	<contactContent>arial,mediumContent,#3682AD,left</contactContent>
	<contactIcon>rgba(54,130,173,1),#fff,left</contactIcon>
	<contactLabel>arial,mediumContent,#3682AD,left</contactLabel>
	<contactLayout>1</contactLayout>
	<contactfieldBgColor>rgba(255,255,255,0.75)</contactfieldBgColor>
	<contactRounded>YES</contactRounded>
	<Description> </Description>
	<list>
		<contactUsrow indexval="0">
			<image>founder</image>
			<text>Name</text>
			<subtext>Sahana</subtext>
			<innerimage>iconz-user</innerimage>
		</contactUsrow>
		<contactUsrow indexval="1">
			<image>phone</image>
			<text>Call</text>
			<subtext>+91086950 08483</subtext>
			<innerimage>iconz-mobile</innerimage>
		</contactUsrow>
		<contactUsrow indexval="2">
			<image>email</image>
			<text>Email</text>
			<subtext>sahana.designs17@gmail.com</subtext>
			<innerimage>icon-email</innerimage>
		</contactUsrow>
		<contactUsrow indexval="3">
			<image>skype</image>
			<text>Instagram</text>
			<subtext>https://www.instagram.com/sahana.designs</subtext>
			<innerimage>icon-laptop</innerimage>
		</contactUsrow>
		<contactUsrow indexval="5">
			<image>link</image>
			<text>Website</text>
			<subtext>http://sahana-jewellery.my-free.website/contact-us</subtext>
			<innerimage>icon-globe-3</innerimage>
		</contactUsrow>
	</list>
</contactUs>
<ecommerce indexval="0">
	<autoLogin>NO</autoLogin>
	<autoPublish>NO</autoPublish>
	<ecommerceName>Sahana Jewellery</ecommerceName>
	<LanguageSettings indexval="0">
		<categories_mcom>Categories</categories_mcom>
		<home_mcom>Home</home_mcom>
		<my_shop_mcom>My Shop</my_shop_mcom>
		<login_signup_mcom>Login/Sign up</login_signup_mcom>
		<cart_mcom>Cart</cart_mcom>
		<my_account_mcom>My Account</my_account_mcom>
		<My_Orders_mcom>My Orders</My_Orders_mcom>
		<featured_product_mcom>Featured Product</featured_product_mcom>
		<edit_mcom>Edit</edit_mcom>
		<instructions_mcom>Instructions</instructions_mcom>
		<submit_mcom>Submit</submit_mcom>
		<forgot_password_mcom>Forgot Password</forgot_password_mcom>
		<email_id_mcom>Email Id</email_id_mcom>
		<password_mcom>Password</password_mcom>
		<do_not_have_an_account_mcom>Do not have an account?</do_not_have_an_account_mcom>
		<search_mcom>Search</search_mcom>
		<sign_up_now_mcom>Sign Up Now</sign_up_now_mcom>
		<name_mcom>Name</name_mcom>
		<phone_mcom>Phone</phone_mcom>
		<confirm_password_mcom>Confirm Password</confirm_password_mcom>
		<sign_up_mcom>Sign Up</sign_up_mcom>
		<already_have_an_account_mcom>Already have an account?</already_have_an_account_mcom>
		<sign_in_mcom>Sign In</sign_in_mcom>
		<contact_information_mcom>Contact Information</contact_information_mcom>
		<my_address_mcom>My Address</my_address_mcom>
		<default_billing_address_mcom>Default Billing Address</default_billing_address_mcom>
		<default_shipping_address_mcom>Default Shipping Address</default_shipping_address_mcom>
		<order_history_mcom>Order History</order_history_mcom>
		<order_id_mcom>Order Id</order_id_mcom>
		<billing_address_mcom>Billing Address</billing_address_mcom>
		<shipping_address_mcom>Shipping Address</shipping_address_mcom>
		<order_detail_mcom>Order Detail</order_detail_mcom>
		<product_name_mcom>Product Name</product_name_mcom>
		<price_mcom>Price</price_mcom>
		<qty_mcom>Qty</qty_mcom>
		<order_date_mcom>Order Date</order_date_mcom>
		<subtotal_mcom>Subtotal</subtotal_mcom>
		<tax_mcom>Tax</tax_mcom>
		<coupon_mcom>Coupon</coupon_mcom>
		<shipping_mcom>Shipping</shipping_mcom>
		<discount_mcom>Discount</discount_mcom>
		<grand_total_mcom>Grand Total</grand_total_mcom>
		<payment_method_mcom>Payment Method</payment_method_mcom>
		<forgot_pwd_message_mcom><![CDATA[Please enter your email below and we'lll send you a new password]]></forgot_pwd_message_mcom>
		<order_status_mcom>Order Status</order_status_mcom>
		<personal_information_mcom>Personal Information</personal_information_mcom>
		<change_password_mcom>Change Password</change_password_mcom>
		<current_password_mcom>Current Password</current_password_mcom>
		<confirm_new_password_mcom>Confirm New Password</confirm_new_password_mcom>
		<no_product_exists_mcom>No Product Exists</no_product_exists_mcom>
		<add_to_cart_mcom>Add To Cart</add_to_cart_mcom>
		<cart_list_mcom>Cart List</cart_list_mcom>
		<done_mcom>Done</done_mcom>
		<payment_details_mcom>Payment Details</payment_details_mcom>
		<apply_coupon_code_mcom>Apply Coupon Code</apply_coupon_code_mcom>
		<enter_your_coupon_code_if_you_have_one_mcom>Enter your coupon code</enter_your_coupon_code_if_you_have_one_mcom>
		<apply_mcom>Apply</apply_mcom>
		<continue_shopping_mcom>Continue Shopping</continue_shopping_mcom>
		<checkout_mcom>checkout</checkout_mcom>
		<first_name_mcom>First Name</first_name_mcom>
		<last_name_mcom>Last Name</last_name_mcom>
		<address_mcom>Address</address_mcom>
		<zip_postal_code_mcom>Zip/Postal Code</zip_postal_code_mcom>
		<city_mcom>City</city_mcom>
		<country_mcom>Country</country_mcom>
		<state_province_mcom>State/Province</state_province_mcom>
		<telephone_mcom>Telephone</telephone_mcom>
		<fax_mcom>Fax</fax_mcom>
		<same_as_billing_address_mcom>Same as Billing Address</same_as_billing_address_mcom>
		<pay_now_mcom>Pay Now</pay_now_mcom>
		<cash_on_delivery_mcom>Cash On Delivery</cash_on_delivery_mcom>
		<please_click_on_place_order_button_to_place_the_order_mcom>Please Click On Place Order Button To Place The Order</please_click_on_place_order_button_to_place_the_order_mcom>
		<credit_card_mcom>Credit Card</credit_card_mcom>
		<paypal_mcom>Paypal</paypal_mcom>
		<you_will_be_redirected_to_paypal_site_mcom>You will be redirected to paypal site</you_will_be_redirected_to_paypal_site_mcom>
		<order_by_phone_mcom>Order by Phone</order_by_phone_mcom>
		<you_can_order_by_calling_mcom>You can order by calling</you_can_order_by_calling_mcom>
		<place_order_mcom>Place Order</place_order_mcom>
		<instock_mcom>Instock</instock_mcom>
		<out_of_stock_mcom>Out Of Stock</out_of_stock_mcom>
		<test_mcom>Test mcom</test_mcom>
		<required_fields_mcom>Required Fields</required_fields_mcom>
		<no_items_in_cart_mcom>You have no items in your shopping cart.</no_items_in_cart_mcom>
		<add_products_in_cart_mcom>Please add products in your shopping cart.</add_products_in_cart_mcom>
		<login_mcom>Login</login_mcom>
		<new_password_mcom>New Password</new_password_mcom>
		<logout_mcom>Logout</logout_mcom>
		<search_product_mcom>Search Product</search_product_mcom>
		<select_option_mcom>Select the option</select_option_mcom>
		<notifications_mcom>Notifications</notifications_mcom>
		<offers_mcom>Offers</offers_mcom>
		<wishlist_mcom>Wish List</wishlist_mcom>
		<settings_mcom>Settings</settings_mcom>
		<tc_mcom>Terms and conditions</tc_mcom>
		<privacy_policy_mcom>Privacy policy</privacy_policy_mcom>
	</LanguageSettings>
</ecommerce>
</Pages>
